"Page","Section","Section Description"
"Home","Navbar","Sticky menu that hides on scroll down and reappears on scroll up, Mega menu, dropdown with multi-tiers, book now, contact, logo, (code for back-to-top button on all pages)"
"","Hero Header Section","Striking hero with confident headline, spa video, subheadline, and dual CTAs (“Book Now”, “Find Recommended Services”) for immediate engagement."
"","Logo Carousel","Horizontal logo carousel moving leftward highlight brand logos of products and tools we use at spa."
"","Features List Section","Highlight seasonal treatment specials (usually 4 per quarter (e.g., Botox/fillers, laser hair removal, skin treatments) to drive interest in top services."
"","About Section","Brief brand story preview highlighting experience and care philosophy, with CTA to learn more about Rejuvalase."
"","Features List Section","Showcase of core service categories (Injectables, Laser Treatments, Skin Rejuvenation, Body Contouring, Wellness) in a clean grid; each with image, short summary, and link to service page."
"","Benefits Section","Key benefits: personalized treatment plans, medical-grade expertise, natural-looking results—presented with icons and concise copy to build trust."
"","Testimonial Section","Emotional, results-focused testimonials with optional before/after slider to reinforce credibility and transformation."
"","Featured Blog List Header Section","Preview of 3 educational, SEO-friendly blog posts to position the brand as a trusted beauty authority."
"","CTA Section","Full-width emotional banner with persuasive message and CTA: “Start Your Transformation Today.”"
"","FAQ Section","Address top client concerns—safety, pain, results duration—using an accessible, expandable format."
"","Contact Section","Contact form with fields for name, email, phone, service interest, and optional booking integration for seamless conversions."
"","Footer","Have space for large list of navigation link columns (5-wide), logo, location address, social icons, newsletter signup, Booking now button, list services, specials, featured blog posts, careers, page list broken by topical relevance, copyright line, made by Edwin Marie (link to https://www.edwinmarie.com)"
"About","Navbar","Sticky menu that hides on scroll down and reappears on scroll up, Mega menu, dropdown with multi-tiers, book now, contact, logo, (code for back-to-top button on all pages)"
"","Header Section","Elegant, welcoming headline (“Meet Rejuvalase”) with a short intro highlighting the medspa’s premium, client-centered approach."
"","About Section","In-depth brand story: founding, mission, and core philosophy focused on personalized, high-end care and natural beauty."
"","Feature Section","Emphasize medical expertise: certifications, advanced training, and safety protocols that set Rejuvalase apart as a medical authority."
"","Team Section","Spotlight on 3 lead practitioners and staff, with option to navigate to team page."
"","Testimonial Section","Select testimonial(s) underscoring client satisfaction and long-term relationships."
"","CTA Section","Strong call-to-action: “Experience the Rejuvalase Difference—Book Your Consultation.”"
"","Footer","Have space for large list of navigation link columns (5-wide), logo, location address, social icons, newsletter signup, Booking now button, list services, specials, featured blog posts, careers, page list broken by topical relevance, copyright line, made by Edwin Marie (link to https://www.edwinmarie.com)"
"Team","Navbar","Sticky menu that hides on scroll down and reappears on scroll up, Mega menu, dropdown with multi-tiers, book now, contact, logo, (code for back-to-top button on all pages)"
"","Header Section","Elegant, inviting header with page title (“Meet Our Experts”), a brief intro focused on expertise, care, and medspa credibility."
"","Team Section","Grid/list of team members with professional photos, names, titles, credentials, and concise bios highlighting experience, specialties, and approach."
"","Feature Section","Highlight of medical leadership—e.g., Medical Director spotlight, emphasizing board certification, advanced training, and patient-first philosophy."
"","Testimonial Section","Short client testimonials specifically praising staff expertise, warmth, and professionalism to build trust and rapport."
"","CTA Section","Conversion-focused call to action: “Book a Consultation With Our Team,” with button leading to booking/contact form."
"","FAQ Section","Service-specific FAQs to address common questions about booking, safety, and what to expect."
"","Footer","Have space for large list of navigation link columns (5-wide), logo, location address, social icons, newsletter signup, Booking now button, list services, specials, featured blog posts, careers, page list broken by topical relevance, copyright line, made by Edwin Marie (link to https://www.edwinmarie.com)"
"Services","Navbar","Sticky menu that hides on scroll down and reappears on scroll up, Mega menu, dropdown with multi-tiers, book now, contact, logo, (code for back-to-top button on all pages)"
"","Header Section","Clean, welcoming headline introducing the full suite of medspa services. Brief intro copy with emphasis on personalized care, medical expertise, and local trust."
"","Logo Carousel","Horizontal logo carousel moving leftward highlight brand logos of products and tools we use at spa."
"","Features List Section","Service categories grid: Injectables, Laser Treatments, Skin Rejuvenation, Body Contouring, Wellness. Each card includes category name, short description, and icon/image for easy scanning. Have tag identifying if this is a medspa or dayspa service (links to related pages)"
"","Products List Section","Grid/list of all individual treatments/services. Each entry: service name, brief summary, category tag, and “Learn More” or “Book Now” CTA."
"","Features List Section","Highlight seasonal treatment specials (usually 4 per quarter (e.g., Botox/fillers, laser hair removal, skin treatments) to drive interest in top services."
"","CTA Section","Strong call-to-action banner encouraging visitors to book a consultation or discover their ideal treatment."
"","FAQ Section","Service-specific FAQs to address common questions about booking, safety, and what to expect."
"","Footer","Have space for large list of navigation link columns (5-wide), logo, location address, social icons, newsletter signup, Booking now button, list services, specials, featured blog posts, careers, page list broken by topical relevance, copyright line, made by Edwin Marie (link to https://www.edwinmarie.com)"
"Service","Navbar","Sticky menu that hides on scroll down and reappears on scroll up, Mega menu, dropdown with multi-tiers, book now, contact, logo, (code for back-to-top button on all pages)"
"","Header Section","Clear headline introducing the specific service, with a calming, premium visual and a brief tagline to set expectations."
"","Feature Section","What it is: Concise description of the service, emphasizing approach, technology, and unique qualities."
"","Benefits Section","Key benefits of the service—natural results, safety, customization, comfort—presented with icons or visuals."
"","Features List Section","Who it’s for: Clear bullet points or short statements outlining ideal candidates or common concerns addressed."
"","Related Services","Highlight related services."
"","FAQ Section","Frequently asked questions about this service (safety, pain, prep, downtime, results duration) in an expandable format."
"","CTA Section","Strong call-to-action with “Book Consultation” or “Book Appointment” button, inviting next steps."
"","Footer","Have space for large list of navigation link columns (5-wide), logo, location address, social icons, newsletter signup, Booking now button, list services, specials, featured blog posts, careers, page list broken by topical relevance, copyright line, made by Edwin Marie (link to https://www.edwinmarie.com)"
"Medspa Services","Navbar","Sticky menu that hides on scroll down and reappears on scroll up, Mega menu, dropdown with multi-tiers, book now, contact, logo, (code for back-to-top button on all pages)"
"","Header Section","Elegant, high-end introduction with page title (“Medspa Services”), a concise overview of Rejuvalase’s holistic approach, and subtle local positioning (Stafford, VA)."
"","Features List Section","Grid of main service categories: Injectables, Laser Treatments, Skin Rejuvenation, Body Contouring, Wellness. Each card features an image, short description, and link to category or individual service pages."
"","Benefits Section","Key benefits of choosing Rejuvalase (personalized care, medical expertise, natural results) highlighted with icons and brief copy."
"","CTA Section","Prominent booking call-to-action: “Find Your Perfect Treatment” or “Book Your Free Consultation” with luxury styling."
"","FAQ Section","Medspa services-specific FAQs (e.g., “How do I choose the right treatment?”, “Are consultations complimentary?”, “What sets Rejuvalase apart?”) in an expandable format."
"","Footer","Have space for large list of navigation link columns (5-wide), logo, location address, social icons, newsletter signup, Booking now button, list services, specials, featured blog posts, careers, page list broken by topical relevance, copyright line, made by Edwin Marie (link to https://www.edwinmarie.com)"
"Dayspa Services","Navbar","Sticky menu that hides on scroll down and reappears on scroll up, Mega menu, dropdown with multi-tiers, book now, contact, logo, (code for back-to-top button on all pages)"
"","Header Section","Elegant page header introducing Day Spa Services with calming imagery and a reassuring headline (“Relax. Restore. Renew. Luxury Day Spa Services in Stafford, VA”)."
"","Features List Section","Overview grid of day spa service categories (e.g., Facials, Massage Therapy, Body Treatments, Spa Packages), each with brief descriptions and links to individual service pages."
"","Feature Section","Spotlight on signature day spa experience—luxury facial or massage—with details about what sets it apart (technique, products, relaxation environment)."
"","Benefits Section","Key benefits of the day spa approach: stress relief, holistic wellness, glowing skin—each presented with an icon and short copy."
"","Testimonial Section","Client testimonials specifically about day spa experiences, emphasizing relaxation, results, and staff professionalism."
"","CTA Section","Strong, inviting call to action: “Book Your Spa Escape Today” with a button for seamless appointment booking."
"","FAQ Section","Day spa-focused FAQs (e.g., “What should I expect during my first visit?”, “How should I prepare?”, “What products do you use?”) in an expandable format."
"","Footer","Have space for large list of navigation link columns (5-wide), logo, location address, social icons, newsletter signup, Booking now button, list services, specials, featured blog posts, careers, page list broken by topical relevance, copyright line, made by Edwin Marie (link to https://www.edwinmarie.com)"
"Specials","Navbar","Sticky menu that hides on scroll down and reappears on scroll up, Mega menu, dropdown with multi-tiers, book now, contact, logo, (code for back-to-top button on all pages)"
"","Header Section","Clean, welcoming headline introducing the full suite of featured seasonal specials. Brief intro copy with emphasis on personalized care, medical expertise, and local trust."
"","Features List Section","List all current specials with general description, how to purchase (in-store or online)"
"","Features List Section","Highlight seasonal treatment specials (usually 4 per quarter (e.g., Botox/fillers, laser hair removal, skin treatments) to drive interest in top services."
"","CTA Section","Strong call-to-action banner encouraging visitors to book a consultation or discover their ideal treatment."
"","FAQ Section","Service-specific FAQs to address common questions about booking, safety, and what to expect."
"","Footer","Have space for large list of navigation link columns (5-wide), logo, location address, social icons, newsletter signup, Booking now button, list services, specials, featured blog posts, careers, page list broken by topical relevance, copyright line, made by Edwin Marie (link to https://www.edwinmarie.com)"
"Special","Navbar","Sticky menu that hides on scroll down and reappears on scroll up, Mega menu, dropdown with multi-tiers, book now, contact, logo, (code for back-to-top button on all pages)"
"","Header Section","Clear headline introducing the specific featured special, with a calming, premium visual and a brief tagline to set expectations."
"","Feature Section","What it is: Concise description of the service, emphasizing approach, technology, and unique qualities."
"","Benefits Section","Key benefits of the service—natural results, safety, customization, comfort—presented with icons or visuals."
"","Before / After Images","Show before and after images after using this product/service."
"","Features List Section","Who it’s for: Clear bullet points or short statements outlining ideal candidates or common concerns addressed."
"","Related Services","Highlight related services."
"","FAQ Section","Frequently asked questions about this service (safety, pain, prep, downtime, results duration) in an expandable format."
"","CTA Section","Strong call-to-action with “Book Consultation” or “Book Appointment” button, inviting next steps."
"","Footer","Have space for large list of navigation link columns (5-wide), logo, location address, social icons, newsletter signup, Booking now button, list services, specials, featured blog posts, careers, page list broken by topical relevance, copyright line, made by Edwin Marie (link to https://www.edwinmarie.com)"
"Products","Navbar","Sticky menu that hides on scroll down and reappears on scroll up, Mega menu, dropdown with multi-tiers, book now, contact, logo, (code for back-to-top button on all pages)"
"","Header Section","Clean, welcoming headline introducing the full suite of featured seasonal specials. Brief intro copy with emphasis on personalized care, medical expertise, and local trust."
"","Logo Carousel","Horizontal logo carousel moving leftward highlight brand logos of products and tools we use at spa."
"","Features List Section","List all current specials with general description, how to purchase (in-store or online)"
"","Products List Section","Display list of products with name, price, and brief description."
"","CTA Section","Strong call-to-action banner encouraging visitors to book a consultation or discover their ideal treatment."
"","FAQ Section","Service-specific FAQs to address common questions about booking, safety, and what to expect."
"","Footer","Have space for large list of navigation link columns (5-wide), logo, location address, social icons, newsletter signup, Booking now button, list services, specials, featured blog posts, careers, page list broken by topical relevance, copyright line, made by Edwin Marie (link to https://www.edwinmarie.com)"
"Products","Navbar","Sticky menu that hides on scroll down and reappears on scroll up, Mega menu, dropdown with multi-tiers, book now, contact, logo, (code for back-to-top button on all pages)"
"","Header Section","Clear headline introducing the specific featured special, with a calming, premium visual and a brief tagline to set expectations."
"","Feature Section","What it is: Concise description of the service, emphasizing approach, technology, and unique qualities."
"","Benefits Section","Key benefits of the service—natural results, safety, customization, comfort—presented with icons or visuals."
"","Before / After Images","Show before and after images after using this product/service."
"","Features List Section","Who it’s for: Clear bullet points or short statements outlining ideal candidates or common concerns addressed."
"","Related Services","Highlight related services."
"","FAQ Section","Frequently asked questions about this service (safety, pain, prep, downtime, results duration) in an expandable format."
"","CTA Section","Strong call-to-action with “Book Consultation” or “Book Appointment” button, inviting next steps."
"","Footer","Have space for large list of navigation link columns (5-wide), logo, location address, social icons, newsletter signup, Booking now button, list services, specials, featured blog posts, careers, page list broken by topical relevance, copyright line, made by Edwin Marie (link to https://www.edwinmarie.com)"
"Blog","Navbar","Sticky menu that hides on scroll down and reappears on scroll up, Mega menu, dropdown with multi-tiers, book now, contact, logo, (code for back-to-top button on all pages)"
"","Header Section","Elegant, minimalist blog introduction with headline and subheadline reinforcing educational authority and local expertise."
"","Featured Blog List Header Section","Optional highlight of top or trending posts to guide visitors to popular content."
"","Newsletter Section","Invitation to subscribe for updates, educational insights, and special offers."
"","Blog List Section","Clean, SEO-friendly grid/list of blog posts with featured images, titles, brief summaries, and categories/tags for easy scanning and navigation."
"","CTA Section","Banner encouraging visitors to book a consultation or explore services, driving conversions from informational content. Speak with Rejuvalase representative with name, position title, image of staff member."
"","FAQ Section","Short FAQ addressing how to use the blog (e.g., finding topics, subscribing, requesting articles)."
"","Footer","Have space for large list of navigation link columns (5-wide), logo, location address, social icons, newsletter signup, Booking now button, list services, specials, featured blog posts, careers, page list broken by topical relevance, copyright line, made by Edwin Marie (link to https://www.edwinmarie.com)"
"Blog Post","Navbar","Sticky menu that hides on scroll down and reappears on scroll up, Mega menu, dropdown with multi-tiers, book now, contact, logo, (code for back-to-top button on all pages)"
"","Blog Post Header Section","Prominent blog post title, featured image, author, date, and category for immediate context and SEO."
"","Blog Post Body Section","Clean, readable content layout with structured headings (H1–H3), internal links, optimized images, and optional pull quotes or callouts to support educational value."
"","CTA Section","Strong CTA at the end of the post (e.g., “Book Your Free Consultation” or “Find Your Treatment”) to drive conversions."
"","Newsletter Section","Simple email signup to capture leads and build ongoing engagement with readers."
"","Featured Blog List Header Section","Section highlighting 2–3 related or recent posts to encourage further exploration and reduce bounce rate."
"","Footer","Have space for large list of navigation link columns (5-wide), logo, location address, social icons, newsletter signup, Booking now button, list services, specials, featured blog posts, careers, page list broken by topical relevance, copyright line, made by Edwin Marie (link to https://www.edwinmarie.com)"
"Contact","Navbar","Sticky menu that hides on scroll down and reappears on scroll up, Mega menu, dropdown with multi-tiers, book now, contact, logo, (code for back-to-top button on all pages)"
"","Header Section","Elegant, welcoming page header with headline (“Get in Touch”) and supportive subheadline emphasizing professional, friendly assistance for all inquiries and bookings."
"","Contact Section","Overview of contact methods, including phone, email, and physical location in Stafford, VA, with a calming, approachable design."
"","Contact Form Section","Conversion-focused form capturing name, email, phone, and service interest, plus message area; integrates with booking/calendar for appointment requests."
"","Locations Section","Map embed showing medspa location, address details, service area callout (Stafford / Fredericksburg VA), hours of operation, and parking info."
"","FAQ Section","Quick-access mini-FAQ addressing common contact/booking concerns (e.g., cancellation policy, how to prepare for your appointment)."
"","Footer","Have space for large list of navigation link columns (5-wide), logo, location address, social icons, newsletter signup, Booking now button, list services, specials, featured blog posts, careers, page list broken by topical relevance, copyright line, made by Edwin Marie (link to https://www.edwinmarie.com)"
"FAQ / Knowledge Base","Navbar","Sticky menu that hides on scroll down and reappears on scroll up, Mega menu, dropdown with multi-tiers, book now, contact, logo, (code for back-to-top button on all pages)"
"","Header Section","Elegant, trust-building page intro: “Your Questions, Answered”—reassures visitors of medical credibility and transparency."
"","FAQ Section","Organized, expandable FAQ grouped by category—Safety, Comfort, Results, Booking, Payments, and General—direct, educational answers to common client concerns. Keep design simple, easy to navigate, searchable, filterable, rich text answers with potential for internal links."
"","CTA Section","Banner encouraging visitors to book a consultation or explore services, driving conversions from informational content."
"","Footer","Have space for large list of navigation link columns (5-wide), logo, location address, social icons, newsletter signup, Booking now button, list services, specials, featured blog posts, careers, page list broken by topical relevance, copyright line, made by Edwin Marie (link to https://www.edwinmarie.com)"
"Legal","Navbar","Sticky menu that hides on scroll down and reappears on scroll up, Mega menu, dropdown with multi-tiers, book now, contact, logo, (code for back-to-top button on all pages)"
"","Header Section","Page title and introductory statement reinforcing trust, transparency, and commitment to client privacy and safety."
"","Legal Page Body Section","Comprehensive legal content, including Privacy Policy, Terms & Conditions, and Medical Disclaimer. Organized with clear headings and expandable/collapsible sections for easy navigation."
"","Features List Section","List other legal policies."
"","Footer","Have space for large list of navigation link columns (5-wide), logo, location address, social icons, newsletter signup, Booking now button, list services, specials, featured blog posts, careers, page list broken by topical relevance, copyright line, made by Edwin Marie (link to https://www.edwinmarie.com)"
"Careers","Navbar","Sticky menu that hides on scroll down and reappears on scroll up, Mega menu, dropdown with multi-tiers, book now, contact, logo, (code for back-to-top button on all pages)"
"","Header Section","Elegant, inviting introduction emphasizing Rejuvalase’s commitment to excellence, growth, and a supportive team culture. Includes headline, subheadline, and brief brand values statement."
"","Features List Section","Highlight core benefits of working at Rejuvalase (e.g., advanced training, positive environment, competitive compensation) using icons and concise copy for each."
"","Team Section","Showcase current team members with photos, titles, and short bios to convey workplace culture and credibility."
"","Job Listings Section","Grid or list of open positions, each with role title, summary, location (Stafford, VA), and link to detailed job description or application."
"","Application Form Section","Streamlined application form with fields for name, contact info, position of interest, resume upload, and a brief statement of interest."
"","CTA Section","Encouraging closing banner: “Ready to join our team? Start your career transformation at Rejuvalase.” With CTA button (“Apply Now”)."
"","Footer","Have space for large list of navigation link columns (5-wide), logo, location address, social icons, newsletter signup, Booking now button, list services, specials, featured blog posts, careers, page list broken by topical relevance, copyright line, made by Edwin Marie (link to https://www.edwinmarie.com)"
"Career Posting","Navbar","Sticky menu that hides on scroll down and reappears on scroll up, Mega menu, dropdown with multi-tiers, book now, contact, logo, (code for back-to-top button on all pages)"
"","Header Section","Job title, department/location, and “Apply Now” CTA. Calm, professional visual emphasizing Rejuvalase culture."
"","Feature Section","Key responsibilities — succinct bullet points outlining major duties for this position."
"","Feature Section","Required qualifications — education, certifications, experience, and skills."
"","Feature Section","Benefits & perks — workplace culture, medical/dental/vision, staff treatments, growth opportunities."
"","Application Form Section","Application form: name, email, phone, resume upload, cover letter, optional LinkedIn, consent checkbox."
"","FAQ Section","Role-specific FAQs: application process, training, advancement, team culture, timelines. Expandable format."
"","CTA Section","Encouraging closing banner: “Ready to Elevate Your Career in Aesthetics? Apply or Contact Us Today.”"
"","Footer","Have space for large list of navigation link columns (5-wide), logo, location address, social icons, newsletter signup, Booking now button, list services, specials, featured blog posts, careers, page list broken by topical relevance, copyright line, made by Edwin Marie (link to https://www.edwinmarie.com)"
"Events","Navbar","Sticky menu that hides on scroll down and reappears on scroll up, Mega menu, dropdown with multi-tiers, book now, contact, logo, (code for back-to-top button on all pages)"
"","Header Section","Elegant page header introducing Rejuvalase’s upcoming and past events, emphasizing community, education, and special experiences."
"","Featured Events List Header Section","Spotlight banner for flagship or next big event (e.g., Open House, Skincare Workshop), with date, brief teaser, and “RSVP” CTA."
"","Events List Section","Grid or list of upcoming and past events, each card showing event name, date, short description, and link to full event details."
"","CTA Section","Encouraging banner to join the community or sign up for event alerts (“Be the First to Know—Sign Up for Event Updates”)."
"","Newsletter Section","Simple newsletter signup form to grow mailing list and keep guests informed about future events."
"","FAQ Section","Answers to common event-related questions (e.g., “Are events open to the public?”, “Do I need to RSVP?”, “Where are events held?”) to reduce barriers to attendance."
"","Contact Section","Quick contact form for event inquiries, collaborations, or special requests."
"","Footer","Have space for large list of navigation link columns (5-wide), logo, location address, social icons, newsletter signup, Booking now button, list services, specials, featured blog posts, careers, page list broken by topical relevance, copyright line, made by Edwin Marie (link to https://www.edwinmarie.com)"
"Individual Event Page","Navbar","Sticky menu that hides on scroll down and reappears on scroll up, Mega menu, dropdown with multi-tiers, book now, contact, logo, (code for back-to-top button on all pages)"
"","Event Item Header Section","High-impact event header with event title, date/time, location, RSVP CTA, and featured event image or banner."
"","Event Item Body Section","Detailed event overview: what to expect, schedule, speakers/presenters, special offerings, and who should attend."
"","FAQ Section","Event-specific FAQs addressing registration, what to bring, parking, accessibility, and other common concerns."
"","CTA Section","Prominent CTA banner: “Reserve Your Spot” or “Book Now”—drives event registrations or inquiries."
"","Contact Section","Contact info or quick form for more event details, special requests, or accessibility needs."
"","Footer","Have space for large list of navigation link columns (5-wide), logo, location address, social icons, newsletter signup, Booking now button, list services, specials, featured blog posts, careers, page list broken by topical relevance, copyright line, made by Edwin Marie (link to https://www.edwinmarie.com)"
"Where to Start Quiz","Navbar","Sticky menu that hides on scroll down and reappears on scroll up, Mega menu, dropdown with multi-tiers, book now, contact, logo, (code for back-to-top button on all pages)"
"","Header Section","Introductory header with calming spa imagery, headline (“Not Sure Where to Start?”), and subheadline inviting users to discover their ideal treatments with a guided quiz."
"","Features List Section","Brief overview of what the quiz covers (e.g., skin concerns, wellness goals, comfort with treatments), presented as a simple step-by-step progression to set expectations."
"","Quiz Form Section","Interactive quiz form: includes multiple-choice and short-answer questions about main beauty/wellness goals, areas of concern, skin type, previous treatments, and comfort level with medspa services. Results should appear after contact information requested (name, phone, email). Results should have recommended service(s) along with description, why it's recommended, and link to specific page."
"","Benefits Section","Highlight benefits of taking the quiz—personalized recommendations, expert guidance, and confidence in booking the right service."
"","CTA Section","Result/CTA area: “See Your Recommended Treatments” with a strong CTA button to view tailored results or book a free consultation."
"","FAQ Section","Mini FAQ to address privacy, what happens after submitting, and how recommendations are made."
"","Footer","Have space for large list of navigation link columns (5-wide), logo, location address, social icons, newsletter signup, Booking now button, list services, specials, featured blog posts, careers, page list broken by topical relevance, copyright line, made by Edwin Marie (link to https://www.edwinmarie.com)"
"Marketing landing page","Navbar","Sticky menu that hides on scroll down and reappears on scroll up, Mega menu, dropdown with multi-tiers, book now, contact, logo, (code for back-to-top button on all pages)"
"","Hero Header Section","Compelling, campaign-specific headline focused on the target offer or promotion. Subheadline reinforces unique value. Primary CTA (“Claim Offer” or “Book Consultation”). Visuals: calm, high-end spa or treatment imagery."
"","Header Section","Brief intro setting context for the campaign (e.g., limited-time offer, new treatment launch, or exclusive event). Build urgency and trust."
"","Features List Section","Highlight up to 3 key benefits or features of the offer (e.g., expert providers, natural results, limited-time pricing). Use icons and concise copy."
"","Benefits Section","Detailed explanation of how the treatment/service solves client pain points or meets aspirations. Emphasize credibility and safety."
"","Testimonial Section","1–2 relevant testimonials specific to the treatment or offer, supporting results and positive experiences."
"","Pricing Section","If applicable, show transparent offer pricing, comparison to regular rates, or package details."
"","CTA Section","Prominent, emotionally driven section repeating the main call to action (“Start Your Glow-Up,” “Reserve Your Spot,” etc.)."
"","CTA Form Section","Quick, easy form for lead capture: Name, Email, Phone, Preferred Service/Offer, plus consent checkbox. Option to integrate booking link."
"","FAQ Section","Answer campaign-specific objections (e.g., “Who’s eligible?”, “How soon can I start?”, “Is there a consultation?”)."
"","Contact Section","Reassuring contact block: phone, email, address, and map (if local relevance). Option for live chat or callback request."
"","Footer","Have space for large list of navigation link columns (5-wide), logo, location address, social icons, newsletter signup, Booking now button, list services, specials, featured blog posts, careers, page list broken by topical relevance, copyright line, made by Edwin Marie (link to https://www.edwinmarie.com)"